"139,009	548,958	548,958	0	172,11	137,606	38,33440113	146,594	41,10717945	134,753	38,63209129	0	0	130,005	38,51010012	148,8863442	23,12897942	23,116207	23,13286439	23,22365642	23,13914985"
"139,01	545,39	545,39	0	172,11	138,157	38,4341507	145,328	40,80079765	134,849	38,66613336	0	0	127,055	37,93301186	148,7459239	23,26863946	23,25847485	23,27315501	23,3640767	23,28336215"
"139	546,873	546,873	0	172,11	137,901	38,40090084	145,69	40,90324567	134,335	38,49494717	0	0	128,947	38,32937518	148,8041695	23,21074801	23,19970291	23,21560207	23,30583113	23,22269426"
"139	546,873	546,873	0	172,11	137,536	38,33440113	146,397	41,07335209	134,618	38,5980455	0	0	127,639	38,07677078	148,8041695	23,21125096	23,19867018	23,21522065	23,30583113	23,22437193"
"139	546,191	546,191	0	172,12	138,185	38,46740055	146,337	41,07335209	134,779	38,66613336	0	0	130,784	38,69082898	148,777357	23,24716229	23,23556579	23,25181117	23,34263816	23,25711641"
"139	550,085	550,085	0	172,12	138,082	38,4341507	146,256	41,03952474	134,717	38,63209129	0	0	130,501	38,61894952	148,9308556	23,09380669	23,08218572	23,09839643	23,18913949	23,1039873"
"139,01	549,555	549,555	0	172,11	134,412	37,59909916	145,471	40,83559097	134,277	38,46090509	0	0	127,055	37,93301186	148,9099069	23,10976131	23,09428477	23,10994218	23,20009371	23,11937915"
"139,01	541,214	541,214	0	172,12	137,718	38,36765099	145,83	40,93707303	134,717	38,63209129	0	0	128,947	38,32937518	148,5827924	23,44237164	23,43087096	23,44645967	23,53720273	23,45406586"
"139,01	547,212	547,212	0	172,12	138,26	38,46740055	145,97	40,97090038	134,912	38,70017544	0	0	129,931	38,51010012	148,8175006	23,20691501	23,19595825	23,21148882	23,30249448	23,21808471"
"139,01	549,072	549,072	0	172,12	138,082	38,4341507	146,256	41,03952474	134,717	38,63209129	0	0	130,857	38,69082898	148,8908431	23,13381919	23,12219822	23,13840893	23,22915199	23,14353486"
"139,01	549,911	549,911	0	172,12	138,435	38,50065041	146,397	41,07335209	134,52	38,56303132	0	0	128,568	38,25749572	148,9239711	23,10020233	23,08886307	23,10554537	23,19602402	23,11337473"
"139,01	547,922	547,922	0	172,12	138,074	38,4341507	145,127	40,76697029	134,615	38,5980455	0	0	128,167	38,18561626	148,8454502	23,17922261	23,16923558	23,18393937	23,27454494	23,19241111"
"139,009	545,983	545,983	0	172,12	135,7	37,96675014	146,539	41,10717945	134,717	38,63209129	0	0	127,994	38,14967653	148,769193	23,25872988	23,24343314	23,26005908	23,35080214	23,26888968"
"139,01	544,95	544,95	0	172,12	134,706	37,6997982	145,97	40,97090038	134,717	38,63209129	0	0	127,994	38,14967653	148,7286856	23,3005804	23,28477327	23,30056644	23,3913095	23,30939704"
"139,01	543,387	543,387	0	172,12	134,543	37,66559887	146,196	41,03952474	134,208	38,46090509	0	0	130,041	38,54603985	148,6675282	23,36195797	23,34560117	23,36240832	23,45246688	23,36791386"
"139	544,987	544,987	0	172,13	134,893	37,76630154	146,051	41,00472773	134,975	38,73421752	0	0	128,674	38,29343545	148,7301232	23,30890057	23,2932278	23,30879046	23,39988168	23,31709624"
"139,01	544,593	544,593	0	172,13	137,561	38,36765099	145,572	40,90324567	134,357	38,52898925	0	0	127,84	38,14967653	148,7147025	23,32068751	23,30934572	23,32504366	23,41530243	23,33358648"
"139	545,331	545,331	0	172,13	138,005	38,4341507	145,492	40,86941832	134,678	38,63209129	0	0	129,062	38,3663412	148,7435972	23,29118091	23,28056746	23,29571686	23,38640767	23,30312272"
"139,01	547,237	547,237	0	172,12	137,901	38,40090084	145,69	40,90324567	134,431	38,52898925	0	0	128,947	38,32937518	148,8185022	23,20640976	23,19536466	23,21113447	23,30149287	23,218356"
"139,01	546,969	546,969	0	172,13	138,435	38,50065041	146,256	41,03952474	135,238	38,80327377	0	0	128,756	38,29343545	148,8079528	23,22623035	23,21509826	23,23060567	23,32205203	23,23916107"
"139,02	548,685	548,685	0	172,13	137,639	38,36765099	145,771	40,93707303	134,299	38,49494717	0	0	128,674	38,29343545	148,8755644	23,15971743	23,14819523	23,16425909	23,25444044	23,171655"
"139,01	546,383	546,383	0	172,13	135,066	37,79955139	146,397	41,07335209	134,912	38,70017544	0	0	130,857	38,69082898	148,7849269	23,25386334	23,23791704	23,25407233	23,34507799	23,25946087"
"139,02	547,232	547,232	0	172,13	134,893	37,76630154	146,051	41,00472773	134,975	38,73421752	0	0	129,847	38,51010012	148,8182885	23,22073531	23,20506253	23,2206252	23,31171642	23,22741524"
"139,01	545,766	545,766	0	172,13	135,298	37,8660511	145,83	40,93707303	135,125	38,76825959	0	0	129,343	38,40228093	148,7606776	23,27779922	23,26299553	23,27803289	23,3693273	23,28567943"
"139,02	545,596	545,596	0	172,13	138,082	38,4341507	146,111	41,00472773	134,912	38,70017544	0	0	128,384	38,22155599	148,7540239	23,28064822	23,26923942	23,28497535	23,37598101	23,29356918"
"139,02	547,488	547,488	0	172,13	137,901	38,40090084	146,397	41,07335209	134,717	38,63209129	0	0	128,947	38,32937518	148,8283575	23,20656429	23,19448645	23,21090435	23,3016474	23,21851053"
"139,02	547,962	547,962	0	172,13	136,92	38,23369846	145,91	40,97090038	134,492	38,56303132	0	0	129,454	38,43822066	148,8470496	23,18921957	23,17650624	23,19251473	23,28295533	23,19916329"
"139,01	546,777	546,777	0	172,13	137,411	38,3002018	146,446	41,07335209	134,945	38,70017544	0	0	130,379	38,58300979	148,800394	23,23520146	23,22237886	23,23856043	23,3296109	23,24461704"
"139,028	549,181	549,181	0	172,14	137,272	38,3002018	145,771	40,93707303	134,582	38,5980455	0	0	130,957	38,72676871	148,8951477	23,15063397	23,13860633	23,15429073	23,24485165	23,15910245"
"139,02	548,581	548,581	0	172,131	137,528	38,33440113	145,964	40,97090038	134,615	38,5980455	0	0	127,632	38,07677078	148,8714611	23,16496619	23,15300809	23,16893004	23,2595356	23,17808574"
"139,02	545,739	545,739	0	172,13	134,754	37,6997982	145,19	40,76697029	134,47	38,52898925	0	0	126,081	37,68040355	148,7596092	23,27960182	23,26499428	23,27998448	23,37039567	23,29091357"
"139,03	540,496	540,496	0	172,13	138,15	38,4341507	145,465	40,83559097	134,845	38,66613336	0	0	127,206	37,96895159	148,5548724	23,47970544	23,46933196	23,48421607	23,57513244	23,49422515"
"139,029	545,667	545,667	0	172,13	138,334	38,46740055	146,458	41,07335209	134,953	38,70017544	0	0	126,901	37,89706822	148,7567852	23,27753836	23,26596981	23,28215781	23,37321966	23,29270026"
"139,03	546,646	546,646	0	172,13	137,614	38,33440113	145,053	40,73314294	134,47	38,52898925	0	0	126,901	37,89706822	148,7952562	23,24006093	23,22954683	23,24433745	23,33474864	23,25422923"
"139,03	544,038	544,038	0	172,13	138,576	38,50065041	146,377	41,03952474	135,103	38,73421752	0	0	128,359	38,18561626	148,6929668	23,34102104	23,32990734	23,34577354	23,43703811	23,35465761"
"139,04	548,416	548,416	0	172,13	134,873	37,73305168	146,458	41,07335209	135,061	38,73421752	0	0	128,072	38,14967653	148,8649296	23,17412201	23,15782544	23,17386795	23,26507529	23,18306302"
"139,03	544,464	544,464	0	172,13	136,052	38,03324986	145,889	40,93707303	134,757	38,63209129	0	0	127,213	37,96895159	148,7096356	23,32781846	23,31395071	23,32957174	23,42036926	23,33945319"
"139,03	543,912	543,912	0	172,13	138,232	38,4341507	146,377	41,03952474	135,103	38,73421752	0	0	128,544	38,22155599	148,6880341	23,34643059	23,33483999	23,35070619	23,44197076	23,35935336"
"139,04	548,256	548,256	0	172,13	134,754	37,6997982	145,61	40,86941832	134,371	38,49494717	0	0	127,055	37,93301186	148,8586166	23,18059441	23,16537702	23,18111021	23,27138827	23,19067371"
"139,03	541,79	541,79	0	172,125	133,696	37,03099957	142,831	39,84976053	133,869	37,98236811	133,727	39,61057439	118,133	34,39447028	148,6052224	23,43040416	23,41777467	23,43017298	23,43036338	23,45000114"
"139,28	662,255	662,255	0	172,101	132,971	36,66334858	133,998	37,64034221	137,444	38,56303132	134,576	39,82537196	116,995	33,85229155	153,6667803	18,34581113	18,34443983	18,33976382	18,34366442	18,36577883"
"139,35	655,983	655,983	0	172,107	132,831	36,59684887	133,674	37,50406683	137,009	38,42686302	134,825	39,89663588	115,553	33,31113911	153,3932372	18,62553671	18,62441351	18,61990051	18,62286891	18,64699457"
"139,37	653,892	653,892	0	172,1	132,993	36,63009872	133,455	37,40258477	137,327	38,49494717	134,899	39,89663588	116,821	33,74447236	153,3020677	18,70950298	18,70888689	18,70364543	18,70695007	18,72970317"
"139,38	655,494	655,494	0	172,09	132,934	36,59684887	133,398	37,36875742	136,994	38,39282094	134,941	39,89663588	114,139	32,76896233	153,3718962	18,62974272	18,62912517	18,62426305	18,62705465	18,65296168"
"139,38	652,406	652,406	0	172,08	132,121	36,2966507	132,342	36,96089356	136,557	38,25568053	134,121	39,57494438	116,384	33,56374742	153,2373197	18,75540223	18,75511049	18,74944284	18,75274044	18,77495537"
"139,38	651,525	651,525	0	172,081	138,127	38,3002018	148,932	41,51503961	134,512	38,42686302	0	0	128,641	38,11271051	153,1989181	18,78668079	18,77117212	18,79160808	18,88207554	18,79933257"
"139,073	550,212	550,212	0	172,09	135,776	37,90025043	149,41	41,68514603	134,648	38,52898925	0	0	128,494	38,14967653	148,9358779	23,06194291	23,04250113	23,06346821	23,1541184	23,07156448"
"139,04	548,328	548,328	0	172,09	136,162	38	149,495	41,71897338	134,805	38,5980455	0	0	128,6	38,18561626	148,8614853	23,13581095	23,11676689	23,13764873	23,22851107	23,14582152"
"139,03	549,062	549,062	0	172,09	135,859	37,93350029	149,043	41,61652167	134,609	38,52898925	0	0	128,019	38,07677078	148,8904383	23,10726923	23,08848832	23,10896015	23,19955808	23,11761329"
"139,03	547,531	547,531	0	172,1	135,33	37,83280125	150,121	41,88907612	134,827	38,63209129	0	0	128,625	38,22155599	148,8300734	23,17836158	23,15725062	23,17904066	23,26993275	23,18721119"
"139,02	548,904	548,904	0	172,1	136,184	38,03324986	149,217	41,68514603	135,409	38,80327377	0	0	128,043	38,11271051	148,8841782	23,1230975	23,10450009	23,12415011	23,21582792	23,13385264"
"139,02	548,853	548,853	0	172,11	135,046	37,76630154	148,851	41,61652167	134,409	38,49494717	0	0	126,007	37,64343753	148,8821642	23,13665002	23,11705345	23,13750769	23,22783646	23,14844724"
"139,02	544,313	544,313	0	172,11	135,966	38	150,056	41,88907612	134,89	38,66613336	0	0	128,922	38,29343545	148,7037147	23,31385208	23,29370208	23,31530976	23,40628589	23,3231818"
"139,02	549,833	549,833	0	172,11	135,678	37,93350029	149,901	41,85428279	134,89	38,66613336	0	0	128,151	38,14967653	148,9209109	23,09704661	23,07673858	23,09811357	23,1890897	23,10697638"
"139,02	548,62	548,62	0	172,11	135,277	37,83280125	149,901	41,85428279	134,89	38,66613336	0	0	127,283	37,96895159	148,8729757	23,1455255	23,12467381	23,1460488	23,23702493	23,15601997"
"139,02	547,351	547,351	0	172,11	135,405	37,8660511	148,261	41,48121226	134,498	38,52898925	0	0	126,132	37,68040355	148,8229632	23,19536431	23,17713014	23,19658853	23,2870374	23,20749072"
"139,02	544,297	544,297	0	172,11	135,502	37,90025043	148,364	41,51503961	134,861	38,66613336	0	0	128,279	38,18561626	148,7031127	23,3150839	23,29682891	23,31595005	23,40688792	23,32461027"
"139,013	547,006	547,006	0	172,11	135,678	37,93350029	149,152	41,68514603	134,498	38,52898925	0	0	126,811	37,8601022	148,8094126	23,20854492	23,18935631	23,21013914	23,30058801	23,22018261"
"139,02	546,14	546,14	0	172,1	134,02	37,13169861	137,824	38,62617265	134,167	38,08449434	138,158	40,7202	114,873	33,20229363	148,77536	23,23483922	23,22966935	23,23464242	23,22920737	23,25866761"
"139,258	659,041	659,041	0	172,09	134,909	37,26470165	134,851	37,91193068	133,38	37,67404522	133,534	39,39577683	123,191	36,01895391	153,526587	18,47240721	18,47248505	18,474458	18,47425204	18,48752903"
"139,343	659,866	659,866	0	172,09	135,319	37,33215084	134,637	37,81044494	133,47	37,67404522	134,321	39,68183443	121,821	35,54968092	153,5625535	18,43588601	18,43680731	18,43837162	18,43723261	18,45324118"
"139,37	662,374	659,568	0	172,08	133,232	36,69755154	134,161	37,64034221	132,254	37,19550823	133,152	39,18097538	118,923	34,50228947	153,6719782	18,31927027	18,31802814	18,32056778	18,31937688	18,33731084"
"139,37	651,721	651,721	0	172,08	134,704	37,13169861	136,885	38,25213614	132,586	37,29763446	133,891	39,46703687	120,074	34,899683	153,2074589	18,78181744	18,77885524	18,78464801	18,78290838	18,80045433"
"139,39	658,14	658,14	0	172,07	134,855	37,13169861	135,024	37,84427229	133,49	37,60596106	136,758	40,14706346	128,808	37,6074978	153,487267	18,49181094	18,4915827	18,49364236	18,48922633	18,49978312"
"139,41	668,935	668,935	0	172,06	133,006	36,53034916	136,502	38,11586077	132,299	37,12645198	134,24	39,53931436	127,312	37,28301002	153,9582383	18,0133059	18,00859472	18,01424408	18,01165679	18,02071696"
"139,419	663,361	663,361	0	172,05	133,145	36,56359901	136,595	38,11586077	132,605	37,22955031	134,185	39,50266689	125,882	36,92156014	153,715016	18,24634858	18,24169655	18,24706725	18,24495951	18,25575513"
"139,42	662,412	662,412	0	172,05	132,431	36,32990055	135,291	37,87810333	132,214	37,0924099	133,12	39,07306788	125,357	36,77677102	153,6736105	18,28870209	18,28487429	18,28899013	18,28778796	18,29782055"
"139,41	658,413	658,413	0	172,04	133,478	36,66334858	137,086	38,18448144	132,817	37,29763446	134,405	39,57494438	127,815	37,35488948	153,4991976	18,45171398	18,44683334	18,45259336	18,45047158	18,45911177"
"139,42	665,602	665,602	0	172,046	136,798	37,93350029	135,307	38,2859635	138,567	39,07658248	0	0	145,226	41,83197311	153,8128013	18,13963517	18,14166353	18,13719978	18,23320394	18,12775063"
"139,12	555,899	555,899	0	172,05	134,336	37,46515026	145,114	40,63166088	137,335	38,83731585	0	0	126,13	37,57155807	149,1619999	22,79777274	22,78271282	22,7936988	22,88800316	22,80845973"
"139,032	542,914	542,914	0	172,04	135,114	37,6997982	145,771	40,80079765	137,9	39,00752623	0	0	125,159	37,24707029	148,6490513	23,29966304	23,28469575	23,29585951	23,39094202	23,3126178"
"139,015	543,945	543,945	0	172,04	136,652	38,06649971	145,967	40,86941832	137,592	38,93944208	0	0	126,684	37,75228301	148,6893233	23,25730175	23,24413797	23,25601272	23,35067001	23,2704257"
"139	546,894	546,894	0	172,04	136,391	38,03324986	145,767	40,83559097	137,556	38,93944208	0	0	127,074	37,8601022	148,8050144	23,14196648	23,12873931	23,14037081	23,23497884	23,15424011"
"138,99	546,787	546,787	0	172,04	136,368	38	146,596	41,00472773	137,757	38,97348415	0	0	127,052	37,82416247	148,8007948	23,14621741	23,13174673	23,144314	23,2391985	23,15848803"
"139,01	547,772	547,772	0	172,04	135,776	37,90025043	145,767	40,83559097	137,067	38,83731585	0	0	125,52	37,42677286	148,8395612	23,1082565	23,09419258	23,10649481	23,20043211	23,12165581"
"138,99	544,13	544,13	0	172,04	135,551	37,83280125	145,682	40,80079765	138,09	39,07658248	0	0	124,61	36,9934396	148,6965631	23,2515593	23,23731412	23,24808586	23,34343015	23,26579251"
"139	543,933	543,933	0	172,04	136,139	37,96675014	146,682	41,03952474	138,449	39,17870871	0	0	126,832	37,78822274	148,6888506	23,2584731	23,24356492	23,25530256	23,35114271	23,27071111"
"139	548,102	548,102	0	172,046	136,034	37,96675014	146,295	40,97090038	136,956	38,83731585	0	0	125,937	37,57155807	148,8525484	23,10093076	23,08644559	23,09967163	23,19345681	23,11415564"
"138,99	545,223	545,223	0	172,05	136,298	38	146,535	41,00472773	138,576	39,2127545	0	0	126,832	37,78822274	148,7393658	23,21775158	23,2032752	23,21462108	23,31063729	23,23020583"
"139,01	548,24	548,24	0	172,05	136,195	38	146,59	41,03952474	137,537	38,93944208	0	0	126,737	37,78822274	148,8580078	23,09924944	23,08455221	23,09741262	23,19199526	23,11168441"
"138,995	547,059	547,059	0	172,04	135,986	37,93350029	146,108	40,90324567	138,576	39,2127545	0	0	125,898	37,53561834	148,8114992	23,13603343	23,12175576	23,1324778	23,22849413	23,14924282"
"139	546,568	546,568	0	172,048	132,116	36,7973011	135,403	38,52372462	133,547	38,1525822	0	0	125,323	37,39082921	148,792178	23,16855258	23,1641561	23,16665241	23,25582612	23,17729665"
"138,97	526,389	526,389	0	172,05	131,488	36,59684887	134,166	38,15065409	132,84	37,91331185	0	0	124,881	37,21010427	148,0145259	23,94903165	23,94547478	23,94724448	24,03547711	23,95750074"
"138,95	523,375	523,375	0	172,042	131,304	36,53034916	134,545	38,2859635	132,834	37,91331185	0	0	125,328	37,42677286	147,9011821	24,05462223	24,05031386	24,05260147	24,14082532	24,06228961"
"138,94	524,01	524,01	0	172,05	131,275	36,53034916	135,491	38,59234529	133,346	38,11854013	0	0	124,647	37,10228508	147,9249932	24,03884415	24,03322086	24,03610408	24,12500981	24,04732533"
"138,94	524,759	524,759	0	172,05	129,46	35,82830067	135,05	38,48989727	130,897	37,19550823	0	0	124,301	36,95749987	147,9531243	24,01307929	24,00568629	24,01120895	24,09687874	24,01962466"
"138,92	519,708	519,708	0	172,06	130,268	36,1627018	133,961	38,11586077	131,858	37,57191899	0	0	124,051	36,84968068	147,7643475	24,21080067	24,20592264	24,20871709	24,29565007	24,21870652"
"138,93	520,139	520,139	0	172,06	131,469	36,63009872	137,053	38,93158479	132,476	37,81118563	0	0	124,877	37,24707029	147,7803589	24,19321824	24,18572076	24,19188937	24,27963862	24,20166787"
"138,93	525,874	525,874	0	172,06	131,38	36,59684887	134,535	38,31979085	132,921	37,98236811	0	0	124,948	37,28301002	147,9951102	23,9785837	23,97438852	23,97654787	24,06488735	23,98682785"
"138,93	523,784	523,784	0	172,06	131,117	36,4970993	134,341	38,25213614	132,652	37,87926978	0	0	124,877	37,24707029	147,9165021	24,05753749	24,05325766	24,05551215	24,14349541	24,06552466"
"138,93	522,987	522,987	0	172,07	131,923	36,7973011	134,847	38,42224256	133,278	38,11854013	0	0	124,804	37,21010427	147,8866374	24,09635176	24,09245194	24,0945546	24,18336991	24,10548978"
"138,94	524,851	524,851	0	172,07	131,305	36,59684887	134,263	38,25213614	132,407	37,81118563	0	0	124,613	37,13822481	147,9566007	24,0272016	24,02327326	24,02574902	24,11340658	24,03576477"
"138,919	522,588	522,588	0	172,07	131,56	36,69755154	134,249	38,25213614	132,305	37,77714355	0	0	124,954	37,31894975	147,8717107	24,11175705	24,10818306	24,11077307	24,19829661	24,12022941"
"138,915	523,067	523,067	0	172,07	131,704	36,73080139	134,304	38,25213614	132,708	37,91331185	0	0	125,064	37,35488948	147,8896541	24,0936233	24,09016535	24,09229656	24,18035321	24,10214811"
"138,93	523,78	523,78	0	172,08	132,354	36,99774971	134,419	38,31979085	132,717	37,94735393	0	0	125,775	37,68040355	147,9163625	24,07605209	24,07329658	24,07557075	24,16363933	24,0845427"
"138,916	525,264	525,264	0	172,08	131,098	36,53034916	133,854	38,11586077	132,023	37,67404522	0	0	124,452	37,06634535	147,9721354	24,021933	24,01828256	24,02071626	24,10786646	24,03042482"
"138,92	521,427	521,427	0	172,08	131,668	36,73080139	134,762	38,42224256	132,056	37,67404522	0	0	124,686	37,17416454	147,8283293	24,16499074	24,16086825	24,16447906	24,25167253	24,17393906"
"138,93	523,172	523,172	0	172,08	131,273	36,59684887	133,949	38,15065409	132,023	37,67404522	0	0	125,012	37,35488948	147,8935698	24,10026912	24,09672042	24,09928184	24,18643203	24,10829231"
"138,92	522,257	522,257	0	172,089	131,453	36,66334858	134,14	38,21830879	132,202	37,74212937	0	0	124,215	36,95749987	147,8593207	24,14328399	24,1397166	24,14229729	24,22968381	24,15253707"
"138,93	522,01	522,01	0	172,09	132,557	37,06424942	134,826	38,45606992	132,998	38,05045226	0	0	125,396	37,53561834	147,8500932	24,15204585	24,14901348	24,15146021	24,23990318	24,16128284"
"138,93	525,777	525,777	0	172,09	132,596	37,06424942	134,978	38,48989727	132,943	38,01641019	0	0	125,62	37,6074978	147,9914418	24,01064613	24,0074599	24,01018544	24,09855456	24,01965208"
"138,94	526,137	526,137	0	172,09	132,03	36,89800014	134,657	38,42224256	132,5	37,87926978	0	0	125,517	37,6074978	148,0050017	23,99783559	23,99433167	23,99721282	24,08499463	24,00622173"
"138,914	524,705	524,705	0	172,091	131,357	36,63009872	134,821	38,45606992	132,107	37,70808729	0	0	124,524	37,10228508	147,9510801	24,05364946	24,04903954	24,05266157	24,13992332	24,06239198"
"138,93	522,81	522,81	0	172,1	131,505	36,69755154	136,305	38,86393008	132,344	37,81118563	0	0	124,706	37,21010427	147,8800255	24,13351256	24,12708565	24,13240599	24,21998062	24,14222276"
"138,93	524,86	524,86	0	172,1	133,64	37,43190041	136,382	38,86393008	135,793	39,00752623	0	0	124,73	37,21010427	147,9569174	24,05379021	24,05008878	24,05088935	24,14308866	24,06530117"
"138,94	530,545	530,545	0	172,1	133,458	37,39865055	135,898	38,79627538	137,398	39,07658248	0	0	119,455	35,33301625	148,1720402	23,83891064	23,83562401	23,83357445	23,92796592	23,85661863"
"138,92	526,21	526,21	0	172,1	133,259	37,33215084	133,97	38,18448144	137,864	39,17870871	0	0	121,953	36,23561857	148,0077477	24,00346852	24,00251822	23,99722552	24,09225841	24,0178958"
"138,92	527,047	527,047	0	172,11	133,763	37,49934959	134,064	38,21830879	137,864	39,17870871	0	0	122,734	36,48822689	148,0393459	23,98119157	23,98078956	23,97562184	24,07065474	23,99533627"
"138,93	528,425	528,425	0	172,11	132,481	37,06424942	133,608	38,04820606	137,751	39,14466664	0	0	117,915	34,75489779	148,0915229	23,93072221	23,92922247	23,92360058	24,01847772	23,9489581"
"138,93	521,755	521,755	0	172,119	134,179	37,66559887	134,667	38,45606992	138,279	39,31585283	0	0	119,412	35,33301625	147,8405724	24,18841123	24,18775508	24,18282614	24,2784309	24,20713504"
"138,92	526,536	526,536	0	172,12	134,232	37,66559887	137,34	39,06786386	137,23	39,07658248	0	0	121,712	36,16373911	148,0200583	24,00984595	24,00562608	24,00577597	24,09993681	24,02586753"
"138,93	530,514	530,514	0	172,12	133,986	37,59909916	137,037	39,0340365	135,28	38,93944208	0	0	122,668	36,48822689	148,1708504	23,85938329	23,85524934	23,85764197	23,94914472	23,8739074"
"138,92	528,971	528,971	0	172,12	134,13	37,63234901	137,128	39,0340365	137,23	39,07658248	0	0	120,218	35,62156038	148,1121924	23,9178489	23,91378225	23,91364184	24,00780268	23,93554141"
"138,93	528,706	528,706	0	172,13	134,191	37,66559887	137,037	39,0340365	138,017	39,24776868	0	0	122,105	36,30750195	148,1021393	23,93782993	23,93397041	23,93262161	24,02786559	23,95331741"
"138,93	531,35	531,35	0	172,13	134,088	37,63234901	137,037	39,0340365	137,427	39,11062456	0	0	120,966	35,91010843	148,2027047	23,83740185	23,83340497	23,83286931	23,92730015	23,85413655"
"138,93	529,518	529,518	0	172,133	133,974	37,59909916	134,469	38,38841521	138,006	39,24776868	0	0	121,363	36,05489364	148,132963	23,91028772	23,90962319	23,90480388	24,00003256	23,92638785"
"138,93	527,812	527,812	0	172,14	133,537	37,46515026	135,598	38,76148206	137,558	39,14466664	0	0	116,77	34,35750426	148,0682789	23,98256023	23,97978609	23,97710885	24,0717205	24,00354389"
"138,93	523,464	523,464	0	172,14	133,64	37,49934959	136,721	39,00020915	137,865	39,2127545	0	0	120,25	35,65750011	147,9045081	24,14619265	24,14202809	24,14045696	24,23549132	24,16319132"
"138,93	528,477	528,477	0	172,14	134,039	37,63234901	134,229	38,31979085	138,347	39,34989491	0	0	121,236	36,01895391	148,0934592	23,95670841	23,95645284	23,95084028	24,04654021	23,97304904"
"138,928	527,851	527,851	0	172,14	134,217	37,6997982	134,395	38,38841521	138,439	39,38393698	0	0	120,034	35,58562065	148,0697805	23,98014757	23,97990819	23,97439224	24,07021885	23,99817839"
"138,92	527,085	527,085	0	172,14	135,401	38,03324986	135,04	38,59234529	139,503	39,6582178	0	0	123,875	36,88562041	148,0408012	24,00753074	24,00801886	24,00189238	24,09919823	24,02247324"
"138,929	533,82	533,82	0	172,15	133,899	37,59909916	134,387	38,38841521	138,555	39,41797906	0	0	122,034	36,30750195	148,2971582	23,76319117	23,76253673	23,75684874	23,85283566	23,77837415"
"138,927	528,874	528,874	0	172,15	134,336	37,73305168	134,395	38,38841521	138,806	39,48703531	0	0	121,832	36,23561857	148,1085359	23,95122694	23,95114737	23,94512312	24,04145803	23,96724278"
"138,93	529,369	529,369	0	172,15	133,674	37,53259945	133,817	38,18448144	138,268	39,34989491	0	0	120,59	35,80228924	148,1273271	23,93332276	23,93313152	23,92707611	24,02266682	23,94995744"
"138,92	526,35	526,35	0	172,16	133,978	37,63234901	136,372	38,96541583	137,906	39,24776868	0	0	121,907	36,27156222	148,0130268	24,05722673	24,05399021	24,05188585	24,14697681	24,07267022"
"138,93	530,163	530,163	0	172,16	134,285	37,73305168	134,366	38,38841521	138,394	39,38393698	0	0	122,907	36,59707237	148,1575056	23,91233617	23,91222662	23,90673335	24,00249809	23,92696776"
"138,93	529,952	529,952	0	172,16	134,393	37,76630154	134,567	38,45606992	137,764	39,2127545	0	0	122,907	36,59707237	148,149471	23,92022525	23,91999175	23,91563844	24,01053265	23,93500232"
"138,93	529,63	529,63	0	172,16	134,336	37,73305168	135,548	38,76148206	135,551	39,04254041	0	0	123,172	36,66895183	148,1372393	23,93253323	23,93089867	23,9308941	24,02276432	23,94690736"
"138,94	528,607	528,607	0	172,16	134,112	37,66559887	134,787	38,52372462	135,302	38,97348415	0	0	120,134	35,62156038	148,0983969	23,97167648	23,97076862	23,97007386	24,06160677	23,98944551"
"138,94	524,336	524,336	0	172,17	133,338	37,43190041	135,839	38,86393008	135,58	39,07658248	0	0	119,017	35,22417077	147,9372155	24,14388766	24,14052105	24,14087293	24,2327827	24,16195801"
"138,929	523,774	523,774	0	172,162	134,178	37,6997982	133,812	38,18448144	135,499	39,04254041	0	0	120,879	35,91010843	147,9161359	24,15584824	24,15633903	24,15406746	24,24586671	24,17280774"
"138,93	524,367	524,367	0	172,17	134,254	37,73305168	134,629	38,48989727	135,585	39,07658248	0	0	120,563	35,80228924	147,9384029	24,14147489	24,14097043	24,13967884	24,23159528	24,15891755"
"138,93	525,031	525,031	0	172,17	134,371	37,76630154	134,337	38,38841521	138,207	39,34989491	0	0	122,541	36,48822689	147,9633629	24,116357	24,11640247	24,11112983	24,20663524	24,13155411"
"138,93	529,456	529,456	0	172,17	134,802	37,90025043	134,147	38,31979085	135,924	39,14466664	0	0	121,159	36,01895391	148,1306305	23,94851032	23,94939043	23,9469903	24,03936763	23,96597044"
"138,93	526,032	526,032	0	172,17	133,844	37,59909916	137,087	39,10169121	138,715	39,48703531	0	0	122,758	36,56010635	148,0010435	24,07938359	24,0749907	24,07274494	24,16895468	24,09360713"
"138,93	532,404	532,404	0	172,17	134,047	37,66559887	134,93	38,59234529	137,481	39,17870871	0	0	121,36	36,09083337	148,242964	23,83719132	23,83600334	23,83252893	23,92703414	23,85339291"
"138,93	527,818	527,818	0	172,18	134,119	37,6997982	137,204	39,13551856	137,801	39,24776868	0	0	115,401	33,88823128	148,0685191	24,02153393	24,01734883	24,01652743	24,11147353	24,04488662"
"138,93	524,525	524,525	0	172,18	134,188	37,73305168	137,323	39,16934591	135,943	39,17870871	0	0	116,942	34,46634974	147,9443458	24,14561433	24,14135895	24,1432445	24,23564684	24,1672692"
"138,92	524,396	524,396	0	172,18	135,071	38	134,966	38,62617265	137,902	39,28181075	0	0	116,744	34,39447028	147,9395033	24,14926824	24,14940992	24,14540501	24,24048941	24,17234365"
"138,92	524,683	524,683	0	172,19	133,918	37,66559887	135,002	38,66	137,54	39,24776868	0	0	112,335	32,80490206	147,9502726	24,1500602	24,1486018	24,14514376	24,23972987	24,17663359"
"138,91	518,795	518,795	0	172,19	134,436	37,83280125	134,703	38,55851794	137,762	39,28181075	0	0	116,293	34,24968507	147,7304728	24,36916415	24,36880527	24,36463789	24,4595296	24,39190939"
"138,909	523,194	523,194	0	172,19	132,997	37,3654007	135,982	38,96541583	135,482	39,11062456	0	0	113,722	33,31113911	147,8943951	24,20716687	24,20315134	24,20382981	24,29560733	24,23094356"
"138,9	518,184	518,184	0	172,19	134,355	37,79955139	134,44	38,45606992	137,977	39,31585283	0	0	114,465	33,56374742	147,7078163	24,39192967	24,39181575	24,38699797	24,48218614	24,41667444"
"138,92	521,237	521,237	0	172,2	134,261	37,79955139	134,354	38,45606992	136,023	39,24776868	0	0	112,985	33,05750842	147,8212724	24,28859398	24,28846958	24,28621382	24,37872451	24,31489643"
"138,9	517,623	517,623	0	172,196	133,898	37,66559887	134,394	38,45606992	135,766	39,17870871	0	0	115,706	34,03302041	147,6870703	24,41928492	24,41862021	24,41676648	24,50892884	24,44198972"
"138,91	519,764	519,764	0	172,2	133,886	37,66559887	134,196	38,38841521	137,687	39,28181075	0	0	116,186	34,21374534	147,7664407	24,34392942	24,34351366	24,33876833	24,43355622	24,36606055"
"138,91	521,954	521,954	0	172,2	133,989	37,6997982	137,269	39,20413923	135,377	39,07658248	0	0	114,515	33,59968715	147,8480071	24,26222405	24,25777654	24,26035574	24,35198986	24,28642193"
"138,91	521,149	521,149	0	172,2	133,287	37,46515026	134,289	38,42224256	135,893	39,2127545	0	0	113,62	33,27417309	147,8179841	24,29318589	24,29184538	24,28967854	24,38201286	24,31746489"
"138,91	517,089	517,089	0	172,2	134,39	37,83280125	134,77	38,59234529	135,893	39,2127545	0	0	114,91	33,74447236	147,6673439	24,44234928	24,44183813	24,44031869	24,53265301	24,46663103"
"138,91	519,964	519,964	0	172,2	135,065	38,03324986	135,073	38,69382735	139,256	39,69225987	0	0	115,4	33,92417101	147,7738453	24,33493896	24,33492802	24,32919015	24,42615165	24,35956576"
"138,91	524,794	524,794	0	172,2	134,091	37,73305168	134,572	38,52372462	138,012	39,34989491	0	0	115,891	34,10489987	147,9544528	24,15564253	24,15499637	24,15030713	24,24554411	24,17839055"
"138,91	522,566	522,566	0	172,2	133,122	37,39865055	133,307	38,04820606	135,653	39,14466664	0	0	114,935	33,74447236	147,8708797	24,24050937	24,24026311	24,23710834	24,32911725	24,26306694"
"138,92	517,018	517,018	0	172,19	134,635	37,90025043	134,886	38,62617265	135,942	39,2127545	0	0	115,415	33,92417101	147,6647188	24,4346513	24,43431253	24,43288262	24,5252836	24,45868063"
"138,906	520,877	520,877	0	172,19	133,377	37,39865055	0	0	137,427	39,11062456	148,405	43,97781678	115,132	33,74447236	147,807848	24,29320709	24,38215446	24,28772336	24,27203367	24,315877"
"138,99	534,342	534,342	0	172,19	134,561	37,76630154	0	0	135,327	38,93944208	149,037	44,1213543	114,958	33,67156661	148,3171996	23,7822698	23,87280279	23,78123551	23,76174274	23,80672606"
"139	533,883	533,883	0	172,19	134,693	37,83280125	0	0	129,708	36,81909748	136,481	41,04189151	123,432	36,74083129	148,2995803	23,79971073	23,89042213	23,80630177	23,79728716	23,81424517"
"138,98	524,313	524,313	0	172,18	139,44	38,73529835	0	0	148,52	41,84664655	142,704	42,33068466	146,562	42,48197104	147,9363834	24,14639195	24,24360927	24,13331888	24,1417869	24,13620773"
"139,05	577,225	577,225	0	172,17	142,081	39,30244846	0	0	144,502	40,82052004	155,347	45,48140749	129,876	38,43822066	150,0281819	22,04088158	22,14181626	22,03741214	22,02115228	22,05747755"
"139,1	571,806	571,806	0	172,17	142,736	39,43640099	0	0	149,998	42,05187482	153,894	45,08744238	128,871	38,22155599	149,8055292	22,2626015	22,36446895	22,25197263	22,24605263	22,28143078"
"139,12	575,498	575,498	0	172,163	143,683	39,63684959	0	0	150,43	42,11995897	153,991	45,08744238	130,539	38,51010012	149,9570252	22,10274449	22,20596921	22,09282286	22,08740317	22,12076763"
"139,13	578,643	578,643	0	172,16	143,214	39,53710003	0	0	150,383	42,11995897	153,664	45,01618234	128,177	38,07677078	150,0867058	21,9707463	22,07329789	21,96022218	21,95523511	21,99115091"
"139,12	575,438	575,438	0	172,16	142,804	39,43640099	0	0	149,608	41,94974859	152,95	44,83701092	127,667	37,96895159	149,9545946	22,1034446	22,20540902	22,09349597	22,08844097	22,12391494"
"139,123	573,028	573,028	0	172,16	142,84	39,43640099	0	0	149,655	41,94974859	153,722	45,01618234	127,211	37,8601022	149,8556095	22,20237726	22,30439417	22,19241162	22,18624261	22,22348075"
"139,13	573,428	573,428	0	172,15	142,893	39,43640099	0	0	149,88	41,98379067	153,196	44,87264093	127,12	37,82416247	149,8719936	22,17590782	22,27800029	22,16568097	22,16065473	22,19720325"
"139,13	573,089	573,089	0	172,14	142,666	39,36990128	0	0	150,105	42,01783274	153,4	44,90827095	128,439	38,07677078	149,8580872	22,18014485	22,2819122	22,1692547	22,16425427	22,19942893"
"139,13	574,61	574,61	0	172,15	143,034	39,46965084	0	0	148,93	41,77856239	154,349	45,15870242	128,153	38,04083105	149,9205322	22,1271675	22,22946168	22,11856147	22,11034338	22,14734569"
"139,13	574,466	574,466	0	172,15	142,195	39,26919861	0	0	150,357	42,0859169	153,342	44,90827095	127,452	37,89706822	149,9146265	22,13426993	22,23536744	22,12233088	22,11779886	22,15414763"
"139,13	573,346	573,346	0	172,14	142,859	39,40315113	0	0	151,463	42,29114146	153,75	44,98055232	127,097	37,78822274	149,868646	22,16931053	22,27135343	22,15664784	22,15315774	22,19058496"
"139,14	575,169	575,169	0	172,14	142,384	39,30244846	0	0	150,584	42,11995897	152,816	44,76575088	129,788	38,32937518	149,9435216	22,09511203	22,19647779	22,08309988	22,07971375	22,11225357"
"139,13	575,572	575,572	0	172,14	143,428	39,53710003	0	0	150,165	42,01783274	153,888	45,01618234	129,861	38,32937518	149,9600837	22,07705777	22,1799157	22,06716828	22,06150852	22,09559594"
"139,139	577,342	577,342	0	172,14	142,666	39,36990128	0	0	149,946	41,98379067	152,369	44,65784337	126,875	37,75228301	150,0329917	22,00524037	22,10700772	21,99458882	21,99092541	22,02652184"
"139,13	571,856	571,856	0	172,14	143,433	39,53710003	0	0	149,533	41,88068862	153,75	44,98055232	129,484	38,25749572	149,8075655	22,22956808	22,3324339	22,22063385	22,21423822	22,24860364"
"139,14	576,2	576,2	0	172,14	142,946	39,43640099	0	0	150,584	42,11995897	154,264	45,1230724	130,353	38,43822066	149,985945	22,05188599	22,15405442	22,04067651	22,03506774	22,0690946"
"139,13	578,148	578,148	0	172,14	142,946	39,43640099	0	0	149,946	41,98379067	153,836	45,01618234	128,256	38,04083105	150,0662394	21,97159161	22,07376003	21,96134113	21,95543197	21,99151158"
"139,13	574,985	574,985	0	172,14	143,522	39,57034988	0	0	148,839	41,74452032	152,816	44,76575088	128,439	38,07677078	149,9359477	22,10105831	22,20405166	22,09328646	22,08728763	22,12156839"
"139,13	573,617	573,617	0	172,14	142,806	39,40315113	0	0	149,467	41,88068862	153,4	44,90827095	129,012	38,18561626	149,8797519	22,1582802	22,26024744	22,14854612	22,14258951	22,1770275"
"139,13	574,684	574,684	0	172,149	122,093	33,02199841	0	0	63,976	13,2190819	132,054	39,53931436	111,221	32,48041624	149,9235695	22,15089908	22,22543253	22,20496773	22,13824099	22,16358228"
"138,782	429,344	429,344	0	172,14	141,411	39,13619919	0	0	151,158	42,32518353	156,816	45,83974646	128,527	38,18561626	144,840734	27,1992795	27,29926536	27,18502121	27,17630973	27,21666921"
"139,071	577,912	577,912	0	172,13	141,786	39,16944904	0	0	149,721	41,94974859	157,118	45,83974646	129,121	38,22155599	150,0565274	21,9729605	22,07347747	21,96139573	21,95004659	21,99011587"
"139,11	577,747	577,747	0	172,13	141,427	39,06875	0	0	150,264	42,05187482	156,888	45,76746898	132,149	38,83561418	150,0497044	21,98029264	22,08030052	21,96740393	21,9572317	21,99298354"
"139,12	580,728	580,728	0	172,13	142,022	39,2026989	0	0	150,171	42,01783274	156,954	45,76746898	130,063	38,3663412	150,1729395	21,85621373	21,95706537	21,84430803	21,83389182	21,87248303"
"139,13	579,212	579,212	0	172,12	141,39	39,03550014	0	0	149,92	41,94974859	156,557	45,66057892	130,503	38,43822066	150,1101901	21,90984896	22,00980505	21,89742509	21,88725462	21,92464996"
"139,13	578,37	578,37	0	172,12	141,71	39,10199986	0	0	150,624	42,0859169	156,621	45,66057892	128,87	38,11271051	150,0754275	21,94415949	22,04456765	21,93112911	21,92191659	21,96152985"
"139,14	577,826	577,826	0	172,12	141,439	39,03550014	0	0	149,507	41,84664655	157,225	45,803099	130,22	38,3663412	150,0529457	21,96702419	22,06704942	21,95528779	21,94345141	21,98226373"
"139,14	578,39	578,39	0	172,12	142,073	39,2026989	0	0	148,19	41,57333783	157,319	45,83974646	125,786	37,42677286	150,0762617	21,94281011	22,04373338	21,93393229	21,91998709	21,96462284"
"139,13	573,367	573,367	0	172,12	141,8	39,13619919	0	0	148,654	41,67546406	156,71	45,69620894	126,026	37,49967861	149,8695173	22,14994204	22,25047785	22,13998801	22,12768794	22,17106453"
"139,13	573,19	573,19	0	172,12	142,21	39,23594875	0	0	149,127	41,77856239	156,557	45,66057892	126,703	37,68040355	149,8622347	22,1566419	22,25776046	22,14656661	22,13521003	22,17749207"
"139,13	574,597	574,597	0	172,12	141,616	39,10199986	0	0	148,286	41,60737991	156,961	45,76746898	125,526	37,35488948	149,919993	22,09972703	22,20000212	22,09005896	22,07681796	22,12121834"
"139,121	572,389	572,389	0	172,12	142,022	39,2026989	0	0	148,904	41,74452032	157,251	45,83974646	125,739	37,42677286	149,8293886	22,1897549	22,29060654	22,1797438	22,16696681	22,21155501"
"139,12	573,917	573,917	0	172,12	142,435	39,30244846	0	0	149,061	41,77856239	157,251	45,83974646	127,424	37,8601022	149,8920697	22,12648645	22,22792539	22,11682961	22,10428566	22,14674111"
"139,12	576,171	576,171	0	172,13	141,427	39,06875	0	0	148,369	41,64142199	157,026	45,803099	126,172	37,57155807	149,9847537	22,04524332	22,1452512	22,03518501	22,02196607	22,06565449"
"139,12	572,993	572,993	0	172,13	141,972	39,2026989	0	0	148,369	41,64142199	157,184	45,83974646	124,902	37,10228508	149,8541605	22,175064	22,27584437	22,16577818	22,15230976	22,19784234"
"139,12	572,427	572,427	0	172,13	141,025	38,96900043	0	0	148,061	41,57333783	157,026	45,803099	124,902	37,10228508	149,8309489	22,19961578	22,29905601	22,18944618	22,17577088	22,22105397"
"139,12	571,013	571,013	0	172,14	141,378	39,06875	0	0	148,304	41,64142199	157,59	45,94663652	125,441	37,35488948	149,773083	22,26697758	22,36691641	22,25694639	22,24274386	22,2882397"
"139,12	572,712	572,712	0	172,14	142,195	39,26919861	0	0	148,93	41,77856239	157,118	45,83974646	125,542	37,39082921	149,8426487	22,19625324	22,29735065	22,18645059	22,17391977	22,21854728"
"139,12	573,785	573,785	0	172,145	142,033	39,23594875	0	0	149,053	41,81260447	156,789	45,76746898	125,853	37,49967861	149,8866355	22,15750149	22,25836882	22,14728459	22,13545415	22,17917336"
"139,12	573,729	573,729	0	172,15	142,145	39,26919861	0	0	147,171	41,40215535	157,207	45,87537648	125,716	37,46373888	149,8843683	22,16459988	22,26562556	22,15732897	22,14205541	22,18660252"
"139,12	572,239	572,239	0	172,15	141,872	39,2026989	0	0	149,334	41,88068862	157,053	45,83974646	127,719	37,96895159	139,3205076	32,72884738	32,82948634	32,71798251	32,70615796	32,74792548"
"139,12	575,979	575,979	0	172,15	141,872	39,2026989	0	0	148,553	41,71047824	157,521	45,94663652	126,461	37,68040355	139,3328552	32,71649968	32,81713865	32,70679921	32,6930751	32,73717639"
"139,12	574,407	574,407	0	172,16	141,553	39,13619919	0	0	148,955	41,81260447	157,141	45,87537648	125,561	37,42677286	139,3276668	32,73215067	32,83233688	32,72139962	32,70887016	32,75350864"
